Mutation,Collection Date,Accession
A8387G,2019-12-23,MT019529
A3777G,2019-12-23,MT019529
T8986A,2019-12-23,MT019529
G123A,2019-12-30,MT019530
T110C,2019-12-30,MT019530
T28143C,2019-12-30,MT291826
T6995C,2019-12-30,MT019531
T103A,2019-12-30,MT019530
A8000C,2019-12-30,MN996531
T4945C,2019-12-30,MT291826
G21315A,2019-12-30,MN996527
C8781T,2019-12-30,MT291826
A24324G,2019-12-30,MT291828
C118G,2019-12-30,MT019530
T111G,2019-12-30,MT019530
G7015A,2019-12-30,MN996529
A21136G,2019-12-30,MN996529
C9533T,2019-12-30,MN996531
T119C,2019-12-30,MT019530
G7865T,2020-01-01,MT019533
C12114T,2020-01,MT039890
G2970T,2020-01,MT039890
G25774T,2020-01,MT039890
C20935T,2020-01,MT039890
G26143T,2020-01,MT039890
C6030T,2020-01,MT039890
T15596C,2020-01,MT039890
T26353A,2020-01,MT039890
C22223G,2020-01,MT039890
C185T,2020-01-08,MT093631
T27383C,2020-01-10,MT259226
C17824T,2020-01-10,MT259226
G29867C,2020-01-10,MT259226
G29860A,2020-01-10,MT259226
C29094T,2020-01-10,MN938384
T564C,2020-01-10,MT259226
G29572A,2020-01-10,MT259226
T15606C,2020-01-11,MN975262
C9560T,2020-01-11,MN975262
C24033T,2020-01-13,MT072688
G11082C,2020-01-17,MT049951
T21643A,2020-01-17,MT049951
C74A,2020-01-17,MT049951
A29902G,2020-01-19,MT246667
C18059T,2020-01-19,MN985325
G12463T,2020-01-20,MT226610
G12684C,2020-01-20,MT226610
G12466T,2020-01-20,MT226610
G12659C,2020-01-20,MT226610
G12490T,2020-01-20,MT226610
G12354C,2020-01-20,MT226610
T21783A,2020-01-20,MT226610
A7478G,2020-01-20,MT226610
T11232G,2020-01-20,MT226610
G12377A,2020-01-20,MT226610
G12599A,2020-01-20,MT226610
G12577T,2020-01-20,MT226610
G12513C,2020-01-20,MT226610
G4287T,2020-01-20,MT226610
G12040C,2020-01-20,MT226610
A4306C,2020-01-20,MT226610
G20979C,2020-01-20,MT226610
G11082T,2020-01-20,MT226610
G12772T,2020-01-20,MT226610
G12792T,2020-01-20,MT226610
G12159C,2020-01-20,MT226610
G12571T,2020-01-20,MT226610
G12207T,2020-01-20,MT226610
G12201C,2020-01-20,MT226610
G11206C,2020-01-20,MT226610
G12581T,2020-01-20,MT226610
C3176Y,2020-01-21,MN988713
G28076S,2020-01-21,MN988713
C24033Y,2020-01-21,MN988713
C28853Y,2020-01-21,MN988713
T489W,2020-01-21,MN988713
T28143Y,2020-01-21,MN988713
C8781Y,2020-01-21,MN988713
T26728Y,2020-01-21,MN988713
C16246Y,2020-01-22,MT253706
C10231T,2020-01-22,MT192773
C27T,2020-01-22,MT192773
C16999T,2020-01-22,MN994468
T26728C,2020-01-23,MN994467
A28791T,2020-01-23,MN994467
G1547A,2020-01-23,MN994467
G28076C,2020-01-23,MN994467
C16292T,2020-01-24,MT291831
G11936A,2020-01-24,MT291831
G5061T,2020-01-25,MT291832
C20691T,2020-01-25,MT259231
T22302G,2020-01-25,MT007544
T19064C,2020-01-25,MT007544
C17372T,2020-01-25,MT259230
T4401C,2020-01-25,MT291832
T1622C,2020-01-26,MT259227
C25155T,2020-01-26,MT259227
T29845A,2020-01-26,MT259228
T29847G,2020-01-26,MT259227
T29846G,2020-01-26,MT259227
T3298C,2020-01-26,MT259227
A29843G,2020-01-26,MT259227
T29844G,2020-01-26,MT259227
A0C,2020-01-27,MT123292
C12533T,2020-01-27,MT123292
A29872T,2020-01-27,MT123292
A29876G,2020-01-27,MT123292
A29897T,2020-01-27,MT123292
A29875G,2020-01-27,MT123292
A29880C,2020-01-27,MT123292
C14656T,2020-01-27,MT012098
A29877T,2020-01-27,MT123292
A29879G,2020-01-27,MT123292
A29881G,2020-01-27,MT123292
A29896C,2020-01-27,MT123292
T7081C,2020-01-27,MT291835
C6694T,2020-01-27,MT012098
G22784T,2020-01-27,MT012098
T2276C,2020-01-27,MT012098
C15865G,2020-01-27,MT291835
C13071T,2020-01-27,MT123292
G2874A,2020-01-28,MT291834
C3176T,2020-01-28,MT044257
T489A,2020-01-28,MT044257
A29300T,2020-01-28,MT135043
G3517T,2020-01-29,MT039888
A17422G,2020-01-29,MT039888
C23270T,2020-01-29,MT291836
C21706T,2020-01-29,MT027064
G653A,2020-01-29,MT123293
A5083G,2020-01-29,MT027063
C2090T,2020-01-29,MT027064
G27224T,2020-01-29,MT291836
C24022T,2020-01-29,MT291836
G26525T,2020-01-29,MT291836
G29526A,2020-01-29,MT123291
G613A,2020-01-29,MT027063
C28886T,2020-01-29,MT291836
C19609T,2020-01-29,MT123291
G6818T,2020-01-29,MT123291
C28853T,2020-01-29,MT039888
G5479R,2020-01-29,MT039888
A2268T,2020-01-30,MT066156
A1690G,2020-01-31,MT050493
C16876T,2020-01-31,MT050493
C24350T,2020-01-31,MT050493
C6500T,2020-01-31,MT050493
A29902C,2020-02,MT276597
C6025T,2020-02-02,MT121215
C12472T,2020-02-02,MT121215
A3C,2020-02-05,MT123290
A6T,2020-02-05,MT123290
A29901G,2020-02-05,MT123290
C15326T,2020-02-05,MT123290
C9490T,2020-02-05,MT066176
C29305T,2020-02-05,MT123290
A9033G,2020-02-05,MT066176
G28877A,2020-02-06,MT106052
G29741A,2020-02-06,MT106052
A17375G,2020-02-07,MT093571
T23951G,2020-02-07,MT093571
A9273G,2020-02-07,MT093571
G2716A,2020-02-07,MT093571
T13225C,2020-02-07,MT093571
C13224G,2020-02-07,MT093571
A19174C,2020-02-11,MT106054
C27924T,2020-02-11,MT106054
T18602C,2020-02-11,MT106054
T18974A,2020-02-11,MT106054
G28377T,2020-02-17,MT159717
C26325T,2020-02-17,MT159705
G11409A,2020-02-17,MT159705
C28252Y,2020-02-17,MT184911
G3258T,2020-02-17,MT159707
C1062Y,2020-02-17,MT184911
G15192S,2020-02-17,MT184911
C3098T,2020-02-17,MT159717
C10035T,2020-02-17,MT159708
G15585K,2020-02-17,MT184911
C9473T,2020-02-17,MT159706
C10506T,2020-02-17,MT184911
C10082Y,2020-02-17,MT184911
C15809Y,2020-02-17,MT184911
C3737T,2020-02-17,MT159705
C1910Y,2020-02-18,MT184910
G22103T,2020-02-18,MT184910
C253T,2020-02-18,MT184910
G29735T,2020-02-18,MT184910
T9156C,2020-02-18,MT184910
C28408T,2020-02-18,MT159718
G29750C,2020-02-18,MT184910
C29634T,2020-02-20,MT159709
A29595W,2020-02-21,MT184908
C29229T,2020-02-21,MT159720
C1384T,2020-02-21,MT159720
A8311W,2020-02-21,MT184908
C9923T,2020-02-23,MT118835
A5844T,2020-02-24,MT159715
G28915A,2020-02-24,MT184913
C12512Y,2020-02-24,MT184913
C25586Y,2020-02-24,MT184913
C22032A,2020-02-24,MT159716
A17857G,2020-02-24,MT152824
C28366Y,2020-02-24,MT184913
C5783T,2020-02-24,MT152824
T20987Y,2020-02-24,MT184913
C17746T,2020-02-24,MT152824
C6635T,2020-02-25,MT159712
C11749T,2020-02-25,MT159712
C11955T,2020-02-25,MT159712
G14717T,2020-02-26,MT276324
A0T,2020-02-27,MT163716
C28862T,2020-02-27,MT233519
C28310T,2020-02-27,MT304474
G29867A,2020-02-27,MT163716
C28656T,2020-02-27,MT233519
T2445C,2020-02-27,MT163716
C3410T,2020-02-27,MT163716
G25978T,2020-02-27,MT233519
A34T,2020-02-27,MT163716
C35T,2020-02-27,MT163716
C14804T,2020-02-27,MT233519
T29866A,2020-02-27,MT163716
G5571T,2020-02-27,MT304474
G29863A,2020-02-27,MT163716
T9476A,2020-02-27,MT233519
C29869A,2020-02-27,MT163716
G28880A,2020-02-28,MT276330
C3368T,2020-02-28,MT276323
C3036T,2020-02-28,MT276330
A20267G,2020-02-28,MT276323
C14407T,2020-02-28,MT276330
T17246C,2020-02-28,MT126808
C240T,2020-02-28,MT276330
G28882C,2020-02-28,MT276330
A23402G,2020-02-28,MT276330
C312T,2020-02-28,MT276330
C6189T,2020-02-28,MT276323
G28881A,2020-02-28,MT276330
C366Y,2020-02-29,MT304489
C3783Y,2020-02-29,MT276331
G18897T,2020-02-29,MT276327
G25562T,2020-02-29,MT304484
C9194Y,2020-02-29,MT304489
T22332Y,2020-02-29,MT304489
T2G,2020-02-29,MT163718
A5T,2020-02-29,MT163718
C19S,2020-02-29,MT163718
C20702Y,2020-02-29,MT304489
C12829Y,2020-02-29,MT304489
C5207Y,2020-02-29,MT304489
G10915K,2020-02-29,MT304489
C23491Y,2020-02-29,MT304489
C1058T,2020-02-29,MT304484
C25687T,2020-02-29,MT304484
T13005C,2020-02-29,MT304484
A4T,2020-02-29,MT163718
G1784K,2020-02-29,MT304489
C10746Y,2020-02-29,MT304489
C29545T,2020-02-29,MT304489
A3G,2020-02-29,MT163718
C29352T,2020-02-29,MT304489
C15323T,2020-03,MT320538
C17248Y,2020-03-01,MT304483
C23574T,2020-03,MT322423
G17277T,2020-03,MT322423
C316T,2020-03,MT276598
T10Y,2020-03,MT350252
C7859Y,2020-03-01,MT304491
C3040T,2020-03,MT276598
G29867R,2020-03,MT322420
A24024G,2020-03,MT320538
G18505K,2020-03,MT325574
G18755T,2020-03,MT322403
C1916T,2020-03,MT322424
C6026T,2020-03,MT350241
C27687T,2020-03,MT350248
G28884A,2020-03,MT276598
C27634Y,2020-03,MT325573
C28056Y,2020-03-01,MT304483
C18876T,2020-03,MT350250
G931A,2020-03-01,MT304490
C2415T,2020-03,MT322406
C14411T,2020-03,MT276598
T27697G,2020-03,MT325573
C6311A,2020-03,MT344946
T18735C,2020-03,MT325571
A29868W,2020-03,MT322424
T27552C,2020-03,MT322414
G28886C,2020-03,MT276598
C29869M,2020-03,MT322416
A29699G,2020-03,MT325571
G18504R,2020-03,MT325574
A24693T,2020-03,MT322394
C10625T,2020-03,MT322406
G6T,2020-03,MT350239
C8625T,2020-03,MT322412
T11653Y,2020-03-01,MT304491
A23406G,2020-03,MT276598
T27644C,2020-03,MT322414
C16465Y,2020-03,MT325574
C13729T,2020-03,MT344946
A27420G,2020-03,MT322419
G22467T,2020-03,MT322411
G16857T,2020-03,MT322423
A360G,2020-03,MT322411
G4522A,2020-03,MT350238
C3588T,2020-03,MT322397
G23586C,2020-03,MT322423
T24Y,2020-03,MT350239
C20370A,2020-03,MT350239
T40C,2020-03,MT320538
G24754T,2020-03,MT350252
C14808Y,2020-03,MT344947
A37R,2020-03,MT350245
C22119T,2020-03,MT322423
T12121Y,2020-03-01,MT304491
C11823T,2020-03,MT325571
G28885A,2020-03,MT276598
C13137T,2020-03,MT322396
C16110T,2020-03,MT350236
C23928T,2020-03,MT344946
C27683T,2020-03-01,MT304488
T50C,2020-03,MT320538
G28299T,2020-03,MT350243
C28314Y,2020-03-01,MT304491
C22443T,2020-03,MT322406
A617G,2020-03,MT320538
T19354Y,2020-03,MT350251
T1917C,2020-03,MT350250
C10711T,2020-03,MT322406
A651T,2020-03,MT350248
C5662Y,2020-03-01,MT304491
C28092Y,2020-03,MT325573
C14924T,2020-03,MT322400
A10235G,2020-03,MT350241
T23598C,2020-03,MT350241
T20280C,2020-03-01,MT163719
T25558G,2020-03,MT322411
T1C,2020-03,MT322405
C28719T,2020-03,MT322420
C3922T,2020-03,MT350247
C244T,2020-03,MT276598
G26917K,2020-03-02,MT304477
C312Y,2020-03-02,MT304478
C3372A,2020-03-02,MT233522
C16761Y,2020-03-02,MT304477
T19838C,2020-03-02,MT304477
C8388T,2020-03-02,MT325565
C21690T,2020-03-02,MT292574
T25553G,2020-03-03,MT304479
T22015W,2020-03-04,MT325569
C9158T,2020-03-04,MT240479
T22269Y,2020-03-04,MT325596
G557K,2020-03-04,MT344953
C1347T,2020-03-04,MT240479
C26734Y,2020-03-04,MT344953
G19846A,2020-03-04,MT325622
T22273W,2020-03-04,MT325596
T29243Y,2020-03-04,MT344953
G16507K,2020-03-04,MT344953
T22274K,2020-03-04,MT325596
G15671T,2020-03-04,MT325587
C883T,2020-03-04,MT240479
G24932K,2020-03-04,MT344953
G1396A,2020-03-04,MT240479
A28479T,2020-03-04,MT325622
T29842G,2020-03-05,MT188341
T29857C,2020-03-05,MT188341
A29898G,2020-03-05,MT188341
A16466G,2020-03-05,MT344954
C29872A,2020-03-05,MT188341
A29899G,2020-03-05,MT188341
G29855A,2020-03-05,MT188341
A29894G,2020-03-05,MT188341
T28146C,2020-03-05,MT188341
G29863C,2020-03-05,MT188341
G26232T,2020-03-05,MT325629
G2890A,2020-03-05,MT325592
A6034G,2020-03-05,MT344954
C12650T,2020-03-05,MT325592
C21388T,2020-03-05,MT188341
A15778C,2020-03-05,MT325566
G1439A,2020-03-05,MT325592
G4254T,2020-03-05,MT325626
G19683T,2020-03-05,MT325567
A26529G,2020-03-05,MT325626
C23184T,2020-03-05,MT344954
C23187T,2020-03-05,MT188341
G29733C,2020-03-05,MT325599
T29853G,2020-03-05,MT188341
C5006T,2020-03-06,MT325594
C13383T,2020-03-06,MT325588
C3260M,2020-03-06,MT325584
C5466T,2020-03-06,MT325564
G26108T,2020-03-06,MT325635
T25244Y,2020-03-06,MT325564
C14553T,2020-03-06,MT325594
C16666Y,2020-03-06,MT325563
C17746Y,2020-03-06,MT325585
C13619T,2020-03-07,MT324062
C20269T,2020-03-07,MT344961
A29682T,2020-03-07,MT344961
C8716Y,2020-03-07,MT344949
T513C,2020-03-07,MT344962
T11634C,2020-03-07,MT325625
G22334T,2020-03-07,MT325615
C14723T,2020-03-07,MT344949
C378A,2020-03-07,MT334526
C16465T,2020-03-07,MT325607
C21594T,2020-03-07,MT324062
C25515T,2020-03-07,MT344957
C17409T,2020-03-07,MT344962
C25168T,2020-03-07,MT344950
G16395T,2020-03-07,MT325578
G14706K,2020-03-08,MT325589
G3637R,2020-03-08,MT344963
C13993Y,2020-03-08,MT344959
G28811K,2020-03-08,MT325589
T3010C,2020-03-08,MT325618
G18755K,2020-03-08,MT325613
G13570K,2020-03-08,MT344944
T15392Y,2020-03-08,MT325602
T16856Y,2020-03-08,MT344944
C4542T,2020-03-08,MT344963
G11041S,2020-03-08,MT344963
C17073Y,2020-03-08,MT325608
C1058Y,2020-03-08,MT344944
A23402R,2020-03-08,MT344944
G11416T,2020-03-08,MT325614
C8955T,2020-03-08,MT325608
G203K,2020-03-08,MT344963
G14117A,2020-03-08,MT325572
C6524Y,2020-03-08,MT325608
C240Y,2020-03-08,MT344944
T24411Y,2020-03-08,MT344963
G29741T,2020-03-09,MT320891
A4363M,2020-03-09,MT344952
A27150R,2020-03-09,MT325597
C10318T,2020-03-09,MT325581
C1101T,2020-03-09,MT188339
C21385T,2020-03-09,MT188339
G29373A,2020-03-09,MT320891
C17009A,2020-03-09,MT325597
C21574T,2020-03-09,MT325597
T21146C,2020-03-09,MT188339
A2479G,2020-03-09,MT325597
C2557T,2020-03-09,MT325597
A16627G,2020-03-09,MT325561
A4911C,2020-03-09,MT325597
G18196R,2020-03-09,MT325562
G24927T,2020-03-09,MT292573
C18376T,2020-03-09,MT320891
C27963T,2020-03-09,MT325581
A14011T,2020-03-09,MT325581
C17893T,2020-03-09,MT325581
C202Y,2020-03-09,MT344952
C22431T,2020-03-09,MT188339
C29143T,2020-03-10,MT292570
C21587T,2020-03-10,MT325575
C21710T,2020-03-10,MT281577
G1894T,2020-03-10,MT281577
C7010T,2020-03-10,MT334529
A29694G,2020-03-10,MT281577
T24021C,2020-03-10,MT263074
A8944G,2020-03-10,MT263074
T720C,2020-03-10,MT281577
T18833C,2020-03-10,MT292572
C18813T,2020-03-11,MT192765
G28984T,2020-03-11,MT256924
C26087T,2020-03-11,MT256924
C16288T,2020-03-11,MT334541
C17469T,2020-03-11,MT256924
G25428T,2020-03-11,MT334541
A29864G,2020-03-12,MT246459
T1G,2020-03-12,MT246460
T2C,2020-03-12,MT246460
G29253T,2020-03-12,MT246454
C20822T,2020-03-12,MT246455
G29863V,2020-03-12,MT251974
C1468T,2020-03-12,MT246454
G11160A,2020-03-12,MT246459
A3T,2020-03-12,MT246460
C139T,2020-03-12,MT246457
G331T,2020-03-12,MT246455
C17473T,2020-03-12,MT246459
T46Y,2020-03-12,MT246455
T11319C,2020-03-12,MT246472
C12212T,2020-03-12,MT246457
G25493T,2020-03-12,MT246472
G18148T,2020-03-12,MT246459
A29868H,2020-03-12,MT246459
C10631T,2020-03-12,MT246458
C9179T,2020-03-13,MT246475
C1190T,2020-03-13,MT259249
G8767A,2020-03-13,MT246462
A29868T,2020-03-13,MT246456
G22987A,2020-03-13,MT246461
C5051T,2020-03-13,MT246476
T18688A,2020-03-13,MT246451
T152G,2020-03-13,MT259246
C15719T,2020-03-13,MT263406
A27524G,2020-03-13,MT246452
C27275T,2020-03-13,MT246464
G4641A,2020-03-13,MT251980
G29861A,2020-03-13,MT246456
T832C,2020-03-13,MT246453
C20030A,2020-03-13,MT246451
G27225T,2020-03-13,MT246476
C15H,2020-03-13,MT246481
C36T,2020-03-13,MT246461
C29877A,2020-03-13,MT263406
C36H,2020-03-13,MT246466
A29879C,2020-03-13,MT263396
C4682T,2020-03-13,MT263415
C27806T,2020-03-13,MT251980
T220C,2020-03-13,MT246479
T1H,2020-03-13,MT246462
G16074T,2020-03-13,MT246451
G21723C,2020-03-13,MT259249
C28098T,2020-03-13,MT259256
C672T,2020-03-13,MT263415
C29773T,2020-03-13,MT246475
G28726T,2020-03-13,MT334534
C26036T,2020-03-13,MT246456
C16886T,2020-03-13,MT246475
A29865G,2020-03-13,MT246456
A33H,2020-03-13,MT263429
C36A,2020-03-13,MT263429
C5182T,2020-03-13,MT263428
G29552A,2020-03-13,MT246450
G29861D,2020-03-13,MT251980
A13747G,2020-03-13,MT259235
T13844C,2020-03-13,MT262899
G23119T,2020-03-13,MT262915
A3H,2020-03-13,MT263396
C8091T,2020-03-13,MT246456
G29875A,2020-03-13,MT263406
T2991C,2020-03-13,MT334538
C27045T,2020-03-13,MT246451
T149C,2020-03-13,MT259246
G27876T,2020-03-13,MT246456
G25690T,2020-03-13,MT263428
A33T,2020-03-14,MT246488
C7842T,2020-03-14,MT259267
T28228G,2020-03-14,MT251972
A14835G,2020-03-14,MT246468
G16911T,2020-03-14,MT251976
A15868T,2020-03-14,MT259267
G29878A,2020-03-14,MT246489
C26935T,2020-03-14,MT263447
C13224T,2020-03-14,MT246469
C3991T,2020-03-14,MT251975
C6309T,2020-03-14,MT246486
G29556T,2020-03-14,MT263395
T22206C,2020-03-14,MT259269
G28375A,2020-03-14,MT259274
G22983A,2020-03-14,MT246478
G27805A,2020-03-14,MT251975
C9533A,2020-03-14,MT263411
C28914T,2020-03-14,MT259267
G28967C,2020-03-14,MT263411
G27326T,2020-03-14,MT246486
G24793T,2020-03-14,MT334539
A26432G,2020-03-14,MT259248
C29882A,2020-03-14,MT259251
T15926G,2020-03-14,MT263447
A22605T,2020-03-14,MT263386
T6690C,2020-03-14,MT259267
C27634T,2020-03-14,MT259252
A17614G,2020-03-14,MT334539
G11041T,2020-03-14,MT259269
C1886T,2020-03-14,MT334539
C1544T,2020-03-14,MT251977
C29880A,2020-03-14,MT246489
C27998T,2020-03-14,MT259252
A3D,2020-03-14,MT251978
T29409C,2020-03-14,MT263395
G2631T,2020-03-14,MT246471
G19541T,2020-03-14,MT259267
C17638T,2020-03-14,MT259267
T27721C,2020-03-14,MT263447
T9510C,2020-03-14,MT246467
C19017T,2020-03-14,MT246473
C28968T,2020-03-14,MT263411
A28282G,2020-03-14,MT259269
G14228T,2020-03-14,MT251978
C831T,2020-03-14,MT251977
G353A,2020-03-14,MT246474
C2675T,2020-03-14,MT263386
A6423C,2020-03-14,MT259269
A13767G,2020-03-14,MT259267
G5715T,2020-03-14,MT246474
G23241T,2020-03-15,MT259287
T200A,2020-03-15,MT246487
C28825T,2020-03-15,MT246485
G19644T,2020-03-15,MT259287
A4235G,2020-03-15,MT259285
A33W,2020-03-15,MT259281
A29187T,2020-03-15,MT263458
T25654C,2020-03-15,MT259285
C17325T,2020-03-15,MT259287
T23118A,2020-03-15,MT263457
C29884A,2020-03-15,MT263469
T15887C,2020-03-15,MT259271
T11537C,2020-03-15,MT259287
G29882A,2020-03-15,MT263469
C11673T,2020-03-15,MT246485
G12110A,2020-03-15,MT259286
G207T,2020-03-15,MT246487
C29875A,2020-03-15,MT259245
A17883G,2020-03-15,MT259287
C14936T,2020-03-15,MT259280
T29872A,2020-03-15,MT259245
A19136T,2020-03-15,MT259285
T29881A,2020-03-15,MT263469
G24367T,2020-03-15,MT259281
A34W,2020-03-15,MT259278
A29870M,2020-03-15,MT246484
G209A,2020-03-15,MT246487
T199C,2020-03-15,MT246487
T204G,2020-03-15,MT246487
C7517T,2020-03-15,MT263457
C205G,2020-03-15,MT246487
A6692G,2020-03-15,MT263458
G197T,2020-03-15,MT246487
C10817T,2020-03-15,MT259280
C196T,2020-03-15,MT246487
T201G,2020-03-15,MT246487
A33C,2020-03-15,MT259271
C10571T,2020-03-15,MT259287
C19268T,2020-03-15,MT246482
G203C,2020-03-15,MT246487
C14876T,2020-03-15,MT263458
G29873A,2020-03-15,MT259245
C21641T,2020-03-16,MT293160
T20255C,2020-03-16,MT263463
A12786G,2020-03-16,MT293159
C28895G,2020-03-16,MT263410
C21910T,2020-03-16,MT259257
A29901C,2020-03-16,MT263410
G12477A,2020-03-16,MT263410
C21909T,2020-03-16,MT263410
C11703T,2020-03-16,MT263463
T23009C,2020-03-16,MT263418
G25336C,2020-03-16,MT263387
T41G,2020-03-16,MT263467
G28279T,2020-03-16,MT259237
A23988G,2020-03-16,MT259247
C6285T,2020-03-16,MT293161
A10322G,2020-03-16,MT263388
C2231T,2020-03-16,MT263412
A14603G,2020-03-16,MT259257
G21254C,2020-03-16,MT293158
G28898C,2020-03-16,MT293159
C26012T,2020-03-16,MT293158
A2955T,2020-03-16,MT326091
T29514A,2020-03-16,MT259237
A8169G,2020-03-16,MT293177
A13C,2020-03-16,MT293160
G25849A,2020-03-16,MT263448
A29868C,2020-03-16,MT263387
T28923C,2020-03-16,MT263451
G21849T,2020-03-16,MT263416
A78G,2020-03-16,MT263391
C1237T,2020-03-16,MT263451
G28654T,2020-03-16,MT293160
C29084T,2020-03-16,MT263422
C6039T,2020-03-16,MT263410
G8601A,2020-03-16,MT263464
G2956T,2020-03-16,MT326091
G3954T,2020-03-16,MT259253
C4999T,2020-03-16,MT263422
A2951G,2020-03-16,MT326091
A29870H,2020-03-16,MT263419
A8680G,2020-03-16,MT259253
G29867V,2020-03-16,MT259247
C15737T,2020-03-16,MT293160
C8077T,2020-03-16,MT263405
T76W,2020-03-16,MT263391
C2060T,2020-03-16,MT293177
T19631A,2020-03-16,MT259247
C16328T,2020-03-16,MT263403
G22603A,2020-03-16,MT259253
T27868C,2020-03-17,MT263468
A9633T,2020-03-17,MT293186
A22004G,2020-03-17,MT339039
C25338T,2020-03-17,MT293166
G25522T,2020-03-17,MT263468
T28687C,2020-03-17,MT327745
C4794T,2020-03-17,MT293190
C29562T,2020-03-17,MT327745
T16W,2020-03-17,MT293172
T29866H,2020-03-17,MT293179
T16298C,2020-03-17,MT263452
C28696T,2020-03-17,MT326184
C12879T,2020-03-17,MT293172
G23875A,2020-03-17,MT327745
C35Y,2020-03-17,MT263468
C5729T,2020-03-17,MT293190
T2144Y,2020-03-18,MT258382
C25770A,2020-03-18,MT328033
G6679K,2020-03-18,MT258379
T616Y,2020-03-18,MT258382
G18432A,2020-03-18,MT258383
T6393C,2020-03-18,MT293220
C29878A,2020-03-18,MT293170
G25251A,2020-03-18,MT293183
G15759A,2020-03-18,MT293189
T29875A,2020-03-18,MT293170
G17807T,2020-03-18,MT293182
T15770Y,2020-03-18,MT258380
C29363M,2020-03-18,MT258382
T25518Y,2020-03-18,MT258382
T22842W,2020-03-18,MT258382
G29867D,2020-03-18,MT293222
A29871C,2020-03-18,MT293218
A0G,2020-03-18,MT326187
T1528K,2020-03-18,MT258383
C4989T,2020-03-18,MT293183
C2387T,2020-03-18,MT350282
C29166T,2020-03-18,MT258382
C25095T,2020-03-18,MT293222
C3586T,2020-03-18,MT326187
A27397G,2020-03-18,MT293183
T15356Y,2020-03-18,MT258382
C14785T,2020-03-18,MT328032
T2550C,2020-03-18,MT293224
G90C,2020-03-18,MT326191
C11915T,2020-03-18,MT258381
T11469W,2020-03-18,MT258382
C29252T,2020-03-18,MT293184
G29876A,2020-03-18,MT293170
A22150G,2020-03-18,MT328034
G26729A,2020-03-18,MT293184
T25703W,2020-03-18,MT258382
G4262R,2020-03-18,MT258382
G20579T,2020-03-18,MT293184
T10905Y,2020-03-18,MT258382
T29359K,2020-03-18,MT258382
C19324T,2020-03-18,MT293183
T18125C,2020-03-18,MT328032
T26523D,2020-03-18,MT258382
T1A,2020-03-18,MT326190
G29746A,2020-03-18,MT258379
C8089T,2020-03-18,MT258377
A29864C,2020-03-18,MT326191
A8172R,2020-03-18,MT258377
T10128Y,2020-03-18,MT258382
C9429T,2020-03-18,MT328034
C6860Y,2020-03-18,MT258382
A374M,2020-03-18,MT258382
A12198G,2020-03-19,MT293206
C27497T,2020-03-19,MT293206
A13511T,2020-03-19,MT293206
A2017G,2020-03-19,MT326178
C6722T,2020-03-19,MT293211
A6820G,2020-03-19,MT326086
A38T,2020-03-19,MT293205
G7559A,2020-03-19,MT293215
C26455T,2020-03-19,MT293206
C6444T,2020-03-19,MT334547
A21T,2020-03-19,MT293212
G20579A,2020-03-19,MT293206
G21451T,2020-03-19,MT293215
C4808T,2020-03-19,MT293197
C24377T,2020-03-19,MT334544
G13512T,2020-03-19,MT293206
A265T,2020-03-19,MT293206
T3627C,2020-03-19,MT326178
C18A,2020-03-19,MT293212
C21741T,2020-03-19,MT293209
C25548T,2020-03-19,MT326178
C3783T,2020-03-19,MT350268
C28872T,2020-03-19,MT350275
G26151A,2020-03-19,MT293200
T326C,2020-03-19,MT293206
C22280T,2020-03-19,MT293211
C18170A,2020-03-19,MT293205
G19998T,2020-03-19,MT293215
G7674T,2020-03-19,MT326180
A1814G,2020-03-19,MT293206
T24G,2020-03-19,MT293212
A34H,2020-03-19,MT293213
G28826T,2020-03-19,MT326137
C21720T,2020-03-19,MT293206
G17301T,2020-03-19,MT350277
C23229T,2020-03-19,MT293207
C16715T,2020-03-19,MT293211
C10622T,2020-03-19,MT293202
A17286G,2020-03-20,MT326138
C27415T,2020-03-20,MT350269
C19365T,2020-03-20,MT334557
C27212T,2020-03-20,MT326119
G29871A,2020-03-20,MT326125
G25063C,2020-03-20,MT263420
C21773T,2020-03-20,MT326041
G18983T,2020-03-20,MT326041
C3592T,2020-03-20,MT326134
G25249T,2020-03-20,MT334557
T2243C,2020-03-20,MT326140
G7560A,2020-03-20,MT326132
G4974T,2020-03-20,MT326112
C15239T,2020-03-20,MT326041
A17621G,2020-03-20,MT326124
A54M,2020-03-20,MT263444
C39T,2020-03-20,MT334557
A27199G,2020-03-20,MT326134
G2526A,2020-03-20,MT326128
G23592T,2020-03-20,MT334557
C35H,2020-03-20,MT326129
G10522C,2020-03-20,MT326121
G27603A,2020-03-20,MT350271
T6344C,2020-03-20,MT326135
G29290A,2020-03-20,MT326140
T4596C,2020-03-20,MT326133
T29874A,2020-03-20,MT326125
C1928T,2020-03-21,MT326166
A8030G,2020-03-21,MT326149
A27514G,2020-03-21,MT326120
G15413A,2020-03-21,MT326090
G17963A,2020-03-21,MT326090
C2715T,2020-03-21,MT326167
A1097G,2020-03-21,MT326151
G6652A,2020-03-21,MT326160
C5238T,2020-03-21,MT345803
C11454T,2020-03-21,MT326150
G25784C,2020-03-21,MT326158
C20645T,2020-03-21,MT326166
C23524T,2020-03-21,MT326166
G25605T,2020-03-21,MT326151
C8729T,2020-03-21,MT345803
A4C,2020-03-21,MT326167
A25059G,2020-03-21,MT326160
G26774T,2020-03-21,MT326167
G17678T,2020-03-21,MT326120
T15263C,2020-03-21,MT345803
G23404T,2020-03-21,MT326090
C13607T,2020-03-21,MT326154
C15479T,2020-03-22,MT326106
C1472T,2020-03-22,MT326092
C9732T,2020-03-22,MT326084
C20147T,2020-03-22,MT326105
C12777T,2020-03-22,MT326084
C1456T,2020-03-22,MT326105
A20754C,2020-03-22,MT326096
C25613T,2020-03-22,MT326094
G7C,2020-03-22,MT326096
G6C,2020-03-22,MT326096
C20456T,2020-03-22,MT326084
G25676T,2020-03-22,MT326096
C8265T,2020-03-22,MT326105
G23425A,2020-03-22,MT326092
G17426T,2020-03-22,MT326100
G3230T,2020-03-22,MT326111
C5004T,2020-03-22,MT326169
A10843G,2020-03-23,MT326052
G19799A,2020-03-23,MT326053
C25843T,2020-03-23,MT326054
G13570T,2020-03-23,MT326039
G166C,2020-03-23,MT345866
C14183T,2020-03-23,MT326054
C15927T,2020-03-23,MT345858
T3311C,2020-03-23,MT345816
C25417A,2020-03-23,MT326042
C10001T,2020-03-23,MT326052
C63T,2020-03-23,MT326049
T7512C,2020-03-23,MT345867
G29867B,2020-03-23,MT263382
C8936T,2020-03-23,MT263462
A29566C,2020-03-23,MT263384
C29869H,2020-03-23,MT263423
C29837T,2020-03-23,MT326051
C163G,2020-03-23,MT345866
A29865T,2020-03-23,MT263382
A162C,2020-03-23,MT345866
G21799T,2020-03-23,MT326051
T167A,2020-03-23,MT345866
A27923G,2020-03-23,MT326039
C29876A,2020-03-23,MT345838
C9318T,2020-03-23,MT326035
C2591T,2020-03-23,MT326053
C4455T,2020-03-23,MT326035
G29874A,2020-03-23,MT345838
T7224C,2020-03-23,MT326035
T29873A,2020-03-23,MT345838
T12B,2020-03-23,MT326052
C21647T,2020-03-23,MT263384
C19861T,2020-03-23,MT326035
C36M,2020-03-23,MT263381
C6254T,2020-03-23,MT326082
C25468T,2020-03-23,MT345838
C23556T,2020-03-23,MT345866
G3946T,2020-03-23,MT326054
A1078C,2020-03-23,MT326035
C17273T,2020-03-23,MT326053
C9112T,2020-03-23,MT263384
A27343G,2020-03-24,MT263459
C12241T,2020-03-24,MT326078
G19961C,2020-03-24,MT326065
C27803T,2020-03-24,MT263417
C27246T,2020-03-24,MT263459
G21892A,2020-03-24,MT263450
C2093T,2020-03-24,MT263441
T27254G,2020-03-24,MT263459
G27336D,2020-03-24,MT263459
G3870T,2020-03-24,MT345844
T27341G,2020-03-24,MT263459
T76C,2020-03-24,MT345848
A29874T,2020-03-24,MT345847
C1911T,2020-03-24,MT263434
T149Y,2020-03-24,MT263390
C14696T,2020-03-24,MT345814
C1615T,2020-03-24,MT345815
G713C,2020-03-24,MT345857
T286G,2020-03-24,MT345857
C25451T,2020-03-24,MT263438
T2040C,2020-03-24,MT263440
A54C,2020-03-24,MT263432
G14711A,2020-03-24,MT345849
T9C,2020-03-24,MT345849
T19202C,2020-03-24,MT263441
G218T,2020-03-24,MT345846
T27247C,2020-03-24,MT263459
A719C,2020-03-24,MT345857
T717A,2020-03-24,MT345857
C18175T,2020-03-24,MT326029
C16259T,2020-03-24,MT326058
C26027T,2020-03-24,MT263453
A27245C,2020-03-24,MT263459
G8101T,2020-03-24,MT345849
C232M,2020-03-24,MT345848
C12808T,2020-03-24,MT263439
C27629T,2020-03-24,MT326068
C618T,2020-03-24,MT263408
C18400T,2020-03-24,MT263443
A6276G,2020-03-24,MT345849
C28820A,2020-03-24,MT326058
T233Y,2020-03-24,MT345848
C1328T,2020-03-24,MT345849
G284C,2020-03-24,MT345857
T9Y,2020-03-24,MT345841
G22C,2020-03-24,MT263392
A27339C,2020-03-24,MT263459
G1400A,2020-03-24,MT263399
G1735A,2020-03-24,MT326058
A29873T,2020-03-24,MT345847
G236D,2020-03-24,MT345844
C83G,2020-03-24,MT345848
C83T,2020-03-24,MT263392
C28707T,2020-03-24,MT263430
A186G,2020-03-24,MT345815
G3409A,2020-03-24,MT345848
C2109T,2020-03-24,MT263414
T75A,2020-03-24,MT345848
T8Y,2020-03-24,MT345841
C29310T,2020-03-24,MT326065
T22515C,2020-03-24,MT345840
A14911G,2020-03-24,MT263408
C24794T,2020-03-24,MT263443
T29757C,2020-03-24,MT326076
C7163T,2020-03-24,MT326023
A10578G,2020-03-24,MT345847
G1819A,2020-03-24,MT326028
T84C,2020-03-24,MT263392
T231Y,2020-03-24,MT345848
C24783T,2020-03-25,MT345855
A10760G,2020-03-25,MT345829
A2650G,2020-03-25,MT345819
G27381T,2020-03-25,MT345832
T82C,2020-03-25,MT345829
T29880A,2020-03-25,MT345829
T231C,2020-03-25,MT345860
A30T,2020-03-25,MT345832
C7266T,2020-03-25,MT345822
A18801G,2020-03-25,MT345822
C29883A,2020-03-25,MT345829
C21076T,2020-03-25,MT345821
C9950T,2020-03-25,MT345830
A228C,2020-03-25,MT345860
C15G,2020-03-25,MT345806
C29249T,2020-03-25,MT345835
G19655T,2020-03-25,MT345855
T233C,2020-03-25,MT345860
C232A,2020-03-25,MT345860
G29881A,2020-03-25,MT345829
C3697A,2020-03-25,MT345861
C17549T,2020-03-25,MT345853
C12024T,2020-03-25,MT345823
G28702T,2020-03-25,MT345823
T8882C,2020-03-25,MT345852
A760G,2020-03-25,MT345801
G1597A,2020-03-25,MT345822
T8884W,2020-03-25,MT345852
T231G,2020-03-25,MT345862
T28339A,2020-03-26,MT293178
T27894C,2020-03-26,MT293178
C28288A,2020-03-26,MT293178
T9G,2020-03-26,MT345834
A11T,2020-03-26,MT345834
C11288T,2020-03-27,MT345877
C28092T,2020-03-27,MT345886
C29519T,2020-03-27,MT345886
C13169T,2020-03-27,MT345877
C6353T,2020-03-27,MT345871
G11556A,2020-03-27,MT295465
C14406T,2020-03-27,MT345877
A24013G,2020-03-27,MT345871
T24748C,2020-03-28,MT345880
T5097C,2020-03-28,MT293188
A16386T,2020-03-28,MT345880
C16858T,2020-03-28,MT345880
C29732T,2020-03-28,MT293192
C19010T,2020-03-28,MT345880
G5272A,2020-03-28,MT345879
T17672C,2020-03-29,MT293163
C5169T,2020-03-29,MT293163
T399C,2020-03-29,MT345887
C16467T,2020-03-29,MT293163
C5933T,2020-03-29,MT345887
T29884A,2020-03-30,MT345885
G21294A,2020-03-30,MT345870
T9994G,2020-03-30,MT345869
G18761T,2020-03-30,MT345885
C25206T,2020-03-30,MT293156
C18997T,2020-03-30,MT345873
G577A,2020-03-30,MT293156
G29879A,2020-03-30,MT345885
C13514T,2020-03-30,MT345873
G29539A,2020-03-30,MT345873
T21293A,2020-03-30,MT345870
C29887A,2020-03-30,MT345885
C3767T,2020-03-30,MT345874
C10850T,2020-03-30,MT345868
C25583T,2020-03-30,MT345874
G90B,2020-03-30,MT293173
G21295A,2020-03-30,MT345870
C3139T,2020-03-30,MT345869
G29885A,2020-03-30,MT345885
C4112T,2020-03-31,MT345882
C7814T,2020-04,MT350254
C26350T,2020-04,MT350246
C18554T,2020-04,MT350254
C15959T,2020-04,MT308703
C29613T,2020-04,MT350254
G7R,2020-04,MT350257
C26800T,2020-04-02,MT300186
